SET FOREIGN_KEY_CHECKS = 0;
TRUNCATE TABLE subcategory_detail;
TRUNCATE TABLE subcategory;
TRUNCATE TABLE word_list;

INSERT INTO `word_list`
VALUES (7, 'Human', 'Vocabulary about human', 4, 'PUBLIC', '2023-10-10 16:05:00', NULL, NULL),
       (8, 'Animal', 'Learn vocabulary about animal', 4, 'PUBLIC', '2023-10-10 16:05:25', NULL, NULL),
       (9, 'IT', 'Vocabulary for IT', 1, 'PUBLIC', '2023-12-31 05:09:06', NULL, NULL),
       (10, 'TOEIC', 'Vocab for toeic test', 1, 'PRIVATE', '2023-12-31 05:17:23', NULL, NULL),
       (11, 'Toeic', 'Basic communication vocabulary', 2, 'PUBLIC', '2024-01-02 13:42:43', NULL, NULL),
       (14, 'Daily', 'Useful words to describe your daily activities', 3, 'PUBLIC', '2024-01-03 08:09:06', NULL, NULL),
       (17, 'Information Technology',
        'This is a collection of vocabulary by topic to help you systematically and more effectively approach learning specialized English.',
        4, 'PUBLIC', '2024-01-04 11:17:43', NULL, NULL),
       (18, 'Daily Routines',
        'Every morning there are countless things to do, but do you know all the English vocabulary about morning activities? Let\'s refer to the following vocabulary.',
        4, 'PUBLIC', '2024-01-04 11:59:39', NULL, NULL);

INSERT INTO `subcategory`
VALUES (9, 'Developer', 19, 9),
       (10, 'Furniture', 12, 9),
       (11, 'Weather', 11, 10),
       (12, 'Animal', 12, 10),
       (13, 'Human body', 17, 7),
       (14, 'Appearance', 13, 7),
       (15, 'Day1', 6, 11),
       (16, 'Day2', 5, 11),
       (17, 'Day3', 3, 11),
       (19, 'Wild Animal', 17, 8),
       (20, 'Sea Animal', 14, 8),
       (22, 'In the morning', 7, 14),
       (23, 'School', 6, 14),
       (24, 'Algorithms', 15, 17),
       (25, 'Database', 10, 17),
       (26, 'Morning activities', 12, 18),
       (27, 'Afternoon activities', 10, 18);

INSERT INTO `subcategory_detail` (vocab_id, def_id, subcategory_id, is_quiz, is_review, is_flashcard, last_learning, is_spelling)
VALUES (742, 2630, 14, 0, 0, 0, NULL, 0),
       (2436, 7595, 9, 0, 0, 0, NULL, 0),
       (2548, 8254, 24, 0, 0, 0, NULL, 0),
       (2549, 8360, 24, 0, 0, 0, NULL, 0),
       (2947, 10193, 15, 0, 0, 0, NULL, 0),
       (3039, 10449, 12, 0, 1, 0, '2024-01-03 07:41:04', 0),
       (3366, 11444, 27, 0, 0, 0, NULL, 0),
       (3366, 11447, 27, 0, 0, 0, NULL, 0),
       (3493, 11844, 13, 0, 0, 0, NULL, 0),
       (4789, 15713, 15, 0, 0, 0, NULL, 0),
       (4955, 16176, 27, 0, 0, 0, NULL, 0),
       (5545, 17890, 24, 0, 0, 0, NULL, 0),
       (7055, 21645, 11, 0, 1, 0, '2024-01-03 07:41:09', 0),
       (7234, 22550, 15, 0, 0, 0, NULL, 0),
       (7245, 13221, 15, 0, 0, 0, NULL, 0),
       (7325, 22929, 15, 0, 0, 0, NULL, 0),
       (7523, 182, 13, 0, 0, 0, NULL, 0),
       (7838, 1516, 14, 0, 0, 0, NULL, 0),
       (9176, 6308, 22, 0, 0, 0, NULL, 0),
       (9260, 6805, 19, 0, 0, 0, NULL, 0),
       (9643, 8473, 12, 0, 1, 0, '2024-01-03 07:41:04', 0),
       (9885, 9251, 19, 0, 0, 0, NULL, 0),
       (10472, 11232, 10, 0, 0, 0, NULL, 0),
       (11547, 14830, 13, 0, 0, 0, NULL, 0),
       (14841, 230, 26, 0, 0, 0, NULL, 0),
       (15204, 1937, 11, 0, 1, 0, '2024-01-03 07:41:09', 0),
       (15226, 1786, 14, 0, 0, 0, NULL, 0),
       (15299, 2273, 12, 0, 1, 0, '2024-01-03 07:41:04', 0),
       (17716, 11453, 10, 0, 0, 0, NULL, 0),
       (18093, 7978, 27, 0, 0, 0, NULL, 0),
       (18138, 13235, 24, 0, 0, 0, NULL, 0),
       (18663, 15080, 19, 0, 0, 0, NULL, 0),
       (19023, 16087, 23, 0, 0, 0, NULL, 0),
       (19384, 8487, 13, 0, 0, 0, NULL, 0),
       (19796, 18527, 10, 0, 0, 0, NULL, 0),
       (19796, 18532, 10, 0, 0, 0, NULL, 0),
       (19971, 16089, 9, 0, 0, 0, NULL, 0),
       (19971, 19096, 9, 0, 0, 0, NULL, 0),
       (20600, 12127, 24, 0, 0, 0, NULL, 0),
       (20781, 13649, 25, 0, 0, 0, NULL, 0),
       (21474, 23632, 9, 0, 0, 0, NULL, 0),
       (21610, 23879, 25, 0, 0, 0, NULL, 0),
       (23369, 9759, 24, 0, 0, 0, NULL, 0),
       (25586, 36927, 26, 0, 0, 0, NULL, 0),
       (26647, 25892, 24, 0, 0, 0, NULL, 0),
       (27913, 27445, 9, 0, 0, 0, NULL, 0),
       (28107, 29979, 25, 0, 0, 0, NULL, 0),
       (28462, 31053, 12, 0, 1, 0, '2024-01-03 07:41:04', 0),
       (28508, 31162, 20, 0, 0, 0, NULL, 0),
       (28515, 31189, 12, 0, 1, 0, '2024-01-03 07:41:04', 0),
       (28860, 31982, 10, 0, 0, 0, NULL, 0),
       (28952, 32145, 9, 0, 0, 0, NULL, 0),
       (28952, 32147, 9, 0, 0, 0, NULL, 0),
       (29062, 32386, 10, 0, 0, 0, NULL, 0),
       (29755, 34129, 16, 0, 0, 0, NULL, 0),
       (29939, 34573, 9, 0, 0, 0, NULL, 0),
       (29947, 34587, 25, 0, 0, 0, NULL, 0),
       (31721, 33657, 9, 0, 0, 0, NULL, 0),
       (31762, 36999, 9, 0, 0, 0, NULL, 0),
       (32022, 37490, 16, 0, 0, 0, NULL, 0),
       (33664, 28237, 26, 0, 0, 0, NULL, 0),
       (33680, 28300, 25, 0, 0, 0, NULL, 0),
       (33995, 29100, 12, 0, 1, 0, '2024-01-03 07:41:04', 0),
       (34194, 29514, 13, 0, 0, 0, NULL, 0),
       (34287, 29740, 24, 0, 0, 0, NULL, 0),
       (34573, 14091, 13, 0, 0, 0, NULL, 0),
       (35484, 18726, 19, 0, 0, 0, NULL, 0),
       (36070, 29694, 26, 0, 0, 0, NULL, 0),
       (36950, 13665, 14, 0, 0, 0, NULL, 0),
       (37630, 42442, 25, 0, 0, 0, NULL, 0),
       (37734, 10697, 13, 0, 0, 0, NULL, 0),
       (38138, 4621, 19, 0, 0, 0, NULL, 0),
       (38197, 44709, 19, 0, 0, 0, NULL, 0),
       (38402, 45303, 13, 0, 0, 0, NULL, 0),
       (38586, 45847, 26, 0, 0, 0, NULL, 0),
       (38620, 45949, 13, 0, 0, 0, NULL, 0),
       (38957, 12844, 10, 0, 0, 0, NULL, 0),
       (41714, 1411, 14, 0, 0, 0, NULL, 0),
       (42774, 15427, 12, 0, 1, 0, '2024-01-03 07:41:04', 0),
       (42779, 42144, 19, 0, 0, 0, NULL, 0),
       (45327, 48591, 27, 0, 0, 0, NULL, 0),
       (45334, 31378, 26, 0, 0, 0, NULL, 0),
       (45334, 48602, 22, 0, 0, 0, NULL, 0),
       (45340, 27189, 26, 0, 0, 0, NULL, 0),
       (45805, 39158, 11, 0, 1, 0, '2024-01-03 07:41:09', 0),
       (45869, 1411, 14, 0, 0, 0, NULL, 0),
       (46190, 40277, 13, 0, 0, 0, NULL, 0),
       (46865, 22634, 13, 0, 0, 0, NULL, 0),
       (47085, 43099, 13, 0, 0, 0, NULL, 0),
       (47189, 43413, 12, 0, 1, 0, '2024-01-03 07:41:04', 0),
       (47484, 44114, 13, 0, 0, 0, NULL, 0),
       (48087, 45892, 12, 0, 1, 0, '2024-01-03 07:41:04', 0),
       (48279, 46377, 15, 0, 0, 0, NULL, 0),
       (52215, 57897, 25, 0, 0, 0, NULL, 0),
       (53084, 60130, 16, 0, 0, 0, NULL, 0),
       (54462, 51769, 20, 0, 0, 0, NULL, 0),
       (55076, 41373, 12, 0, 1, 0, '2024-01-03 07:41:04', 0),
       (55224, 51660, 12, 0, 1, 0, '2024-01-03 07:41:04', 0),
       (55376, 51957, 10, 0, 0, 0, NULL, 0),
       (56155, 4573, 14, 0, 0, 0, NULL, 0),
       (56968, 11840, 13, 0, 0, 0, NULL, 0),
       (57304, 57522, 20, 0, 0, 0, NULL, 0),
       (57328, 57571, 19, 0, 0, 0, NULL, 0),
       (57330, 57577, 19, 0, 0, 0, NULL, 0),
       (57588, 58174, 10, 0, 0, 0, NULL, 0),
       (57773, 13445, 10, 0, 0, 0, NULL, 0),
       (60119, 63495, 9, 0, 0, 0, NULL, 0),
       (60122, 63497, 9, 0, 0, 0, NULL, 0),
       (60663, 54566, 14, 0, 0, 0, NULL, 0),
       (62450, 59381, 23, 0, 0, 0, NULL, 0),
       (62640, 44663, 25, 0, 0, 0, NULL, 0),
       (62743, 60193, 13, 0, 0, 0, NULL, 0),
       (63540, 62010, 27, 0, 0, 0, NULL, 0),
       (63791, 50790, 22, 0, 0, 0, NULL, 0),
       (67684, 67849, 13, 0, 0, 0, NULL, 0),
       (67775, 56946, 24, 0, 0, 0, NULL, 0),
       (70164, 29488, 24, 0, 0, 0, NULL, 0),
       (70258, 67930, 20, 0, 0, 0, NULL, 0),
       (70264, 31021, 20, 0, 0, 0, NULL, 0),
       (74399, 23873, 9, 0, 0, 0, NULL, 0),
       (75101, 14960, 19, 0, 0, 0, NULL, 0),
       (75125, 57754, 19, 0, 0, 0, NULL, 0),
       (75274, 15500, 19, 0, 0, 0, NULL, 0),
       (75412, 17042, 24, 0, 0, 0, NULL, 0),
       (75909, 72858, 23, 0, 0, 0, NULL, 0),
       (77204, 75173, 25, 0, 0, 0, NULL, 0),
       (81375, 34222, 24, 0, 0, 0, NULL, 0),
       (82959, 75139, 11, 0, 1, 0, '2024-01-03 07:41:09', 0),
       (83924, 77121, 19, 0, 0, 0, NULL, 0),
       (83943, 77151, 19, 0, 0, 0, NULL, 0),
       (84039, 77297, 9, 0, 0, 0, NULL, 0),
       (84599, 78672, 23, 0, 0, 0, NULL, 0),
       (85178, 15669, 27, 0, 0, 0, NULL, 0),
       (86719, 36754, 11, 0, 1, 0, '2024-01-03 07:41:09', 0),
       (86730, 82775, 11, 0, 1, 0, '2024-01-03 07:41:09', 0),
       (86902, 83583, 16, 0, 0, 0, NULL, 0),
       (87368, 77507, 14, 0, 0, 0, NULL, 0),
       (88216, 2827, 11, 0, 1, 0, '2024-01-03 07:41:09', 0),
       (88226, 79318, 20, 0, 0, 0, NULL, 0),
       (90436, 83829, 27, 0, 0, 0, NULL, 0),
       (90506, 46729, 11, 0, 1, 0, '2024-01-03 07:41:09', 0),
       (90579, 10183, 24, 0, 0, 0, NULL, 0),
       (90812, 53793, 24, 0, 0, 0, NULL, 0),
       (90868, 73490, 23, 0, 0, 0, NULL, 0),
       (90916, 8881, 26, 0, 0, 0, NULL, 0),
       (91729, 86864, 20, 0, 0, 0, NULL, 0),
       (91753, 86944, 20, 0, 0, 0, NULL, 0),
       (91862, 87228, 19, 0, 0, 0, NULL, 0),
       (91863, 87233, 12, 0, 1, 0, '2024-01-03 07:41:04', 0),
       (91951, 87613, 13, 0, 0, 0, NULL, 0),
       (91994, 87764, 20, 0, 0, 0, NULL, 0),
       (91995, 87768, 20, 0, 0, 0, NULL, 0),
       (92059, 9078, 20, 0, 0, 0, NULL, 0),
       (92577, 2799, 10, 0, 0, 0, NULL, 0),
       (93129, 42832, 9, 0, 0, 0, NULL, 0),
       (93129, 42832, 25, 0, 0, 0, NULL, 0),
       (93512, 20105, 10, 0, 0, 0, NULL, 0),
       (94732, 94021, 16, 0, 0, 0, NULL, 0),
       (99178, 34249, 20, 0, 0, 0, NULL, 0),
       (100177, 102176, 11, 0, 1, 0, '2024-01-03 07:41:09', 0),
       (100384, 33545, 26, 0, 0, 0, NULL, 0),
       (100543, 102475, 27, 0, 0, 0, NULL, 0),
       (100603, 102523, 17, 0, 0, 0, NULL, 0),
       (100616, 102533, 9, 0, 0, 0, NULL, 0),
       (100633, 91586, 9, 0, 0, 0, NULL, 0),
       (100633, 102551, 9, 0, 0, 0, NULL, 0),
       (101290, 40065, 14, 0, 0, 0, NULL, 0),
       (101924, 39908, 14, 0, 0, 0, NULL, 0),
       (102812, 56955, 17, 0, 0, 0, NULL, 0),
       (103021, 90162, 20, 0, 0, 0, NULL, 0),
       (103142, 90400, 19, 0, 0, 0, NULL, 0),
       (104817, 60884, 23, 0, 0, 0, NULL, 0),
       (106864, 62332, 17, 0, 0, 0, NULL, 0),
       (106985, 62720, 24, 0, 0, 0, NULL, 0),
       (107646, 2749, 14, 0, 0, 0, NULL, 0),
       (109163, 5765, 26, 0, 0, 0, NULL, 0),
       (110648, 62418, 26, 0, 0, 0, NULL, 0),
       (111773, 96273, 11, 0, 1, 0, '2024-01-03 07:41:09', 0),
       (111890, 54282, 14, 0, 0, 0, NULL, 0),
       (112429, 42159, 27, 0, 0, 0, NULL, 0),
       (112685, 98212, 20, 0, 0, 0, NULL, 0),
       (112701, 98237, 19, 0, 0, 0, NULL, 0),
       (113540, 59917, 9, 0, 0, 0, NULL, 0),
       (114814, 101089, 11, 0, 1, 0, '2024-01-03 07:41:09', 0),
       (114821, 82878, 26, 0, 0, 0, NULL, 0),
       (114821, 97904, 22, 0, 0, 0, NULL, 0),
       (114823, 63147, 22, 0, 0, 0, NULL, 0),
       (147797, 103449, 22, 0, 0, 0, NULL, 0),
       (147798, 103450, 22, 0, 0, 0, NULL, 0);



INSERT INTO `vocab_leitner`
VALUES (1, 7387, 23160, 0, NULL),
       (1, 10763, 12194, 0, NULL),
       (1, 11463, 14605, 0, NULL),
       (1, 11715, 15364, 0, NULL),
       (8, 11715, 15364, 2, '2024-01-03 15:14:06'),
       (1, 13136, 19323, 0, NULL),
       (1, 17367, 9647, 0, NULL),
       (8, 17367, 9647, 0, NULL),
       (1, 18526, 14629, 0, NULL),
       (1, 19711, 18258, 0, NULL),
       (1, 22725, 24951, 0, NULL),
       (1, 23117, 27834, 0, NULL),
       (1, 25350, 36450, 0, NULL),
       (1, 27841, 28811, 0, NULL),
       (8, 27841, 28811, 0, NULL),
       (1, 30637, 35531, 0, NULL),
       (1, 31198, 36204, 0, NULL),
       (1, 34769, 15280, 0, NULL),
       (1, 38027, 44155, 0, NULL),
       (8, 38027, 44155, 0, NULL),
       (1, 38782, 46380, 1, NULL),
       (1, 41666, 1715, 1, NULL),
       (8, 41666, 1715, 0, NULL),
       (1, 45355, 36888, 1, NULL),
       (1, 45805, 39153, 1, NULL),
       (8, 45805, 39153, 0, NULL),
       (1, 47068, 41657, 1, NULL),
       (1, 47674, 44706, 1, NULL),
       (1, 47761, 44937, 1, NULL),
       (8, 47761, 44937, 0, NULL),
       (1, 52760, 14096, 1, NULL),
       (8, 52760, 14096, 0, NULL),
       (1, 54116, 62767, 1, NULL),
       (8, 54116, 62767, 0, NULL),
       (1, 55084, 51321, 1, NULL),
       (8, 55084, 51321, 2, '2024-01-03 15:14:19'),
       (1, 58592, 45570, 1, NULL),
       (8, 58592, 45570, 1, '2024-01-03 15:14:28'),
       (1, 60419, 40865, 1, NULL),
       (1, 60760, 54852, 1, NULL),
       (1, 62996, 60819, 1, NULL),
       (8, 62996, 60819, 1, NULL),
       (1, 63111, 44140, 1, '2023-12-31 17:15:19'),
       (8, 63111, 44140, 1, NULL),
       (1, 65180, 64082, 1, NULL),
       (1, 73331, 68495, 1, NULL),
       (8, 73331, 68495, 0, NULL),
       (1, 74683, 65962, 1, NULL),
       (1, 77325, 38895, 1, NULL),
       (1, 85736, 33631, 1, NULL),
       (8, 85736, 33631, 0, NULL),
       (1, 88480, 39312, 1, NULL),
       (1, 88548, 80124, 1, NULL),
       (1, 91824, 87122, 1, NULL),
       (8, 91824, 87122, 1, NULL),
       (1, 93736, 92307, 1, NULL),
       (1, 93830, 92509, 1, NULL),
       (8, 93830, 92509, 1, NULL),
       (1, 94222, 34253, 1, '2023-12-31 17:15:26'),
       (1, 99165, 101610, 2, '2023-12-31 17:15:24'),
       (1, 102619, 31189, 2, '2023-12-31 17:15:23'),
       (1, 103180, 15260, 2, '2023-12-31 17:15:21'),
       (8, 103180, 15260, 1, NULL),
       (1, 104003, 90237, 0, NULL),
       (1, 109040, 87494, 0, NULL),
       (1, 113149, 99019, 0, NULL),
       (1, 113285, 99152, 0, NULL),
       (8, 113285, 99152, 1, NULL),
       (1, 113937, 100111, 0, NULL),
       (8, 113937, 100111, 1, NULL),
       (8, 147794, 103446, 0, NULL);


SET FOREIGN_KEY_CHECKS = 1;

UPDATE `vocab_leitner`
SET last_learning = DATE_SUB(CURRENT_TIMESTAMP(), INTERVAL (17 + RAND()*10) HOUR)
WHERE level = 2;